GEO.id,GEO.id2,GEO.display-label,HD01_VD01,HD02_VD01,HD01_VD02,HD02_VD02,HD01_VD03,HD02_VD03
Id,Id2,Geography,Estimate; Total:,Margin of Error; Total:,Estimate; Total: - Occupied,Margin of Error; Total: - Occupied,Estimate; Total: - Vacant,Margin of Error; Total: - Vacant
1500000US250250001001,250250001001,"Block Group 1, Census Tract 1, Suffolk County, Massachusetts",584,110,536,119,48,54
1500000US250250001002,250250001002,"Block Group 2, Census Tract 1, Suffolk County, Massachusetts",487,89,428,95,59,49
1500000US250250001003,250250001003,"Block Group 3, Census Tract 1, Suffolk County, Massachusetts",266,80,239,77,27,43
1500000US250250001004,250250001004,"Block Group 4, Census Tract 1, Suffolk County, Massachusetts",312,95,231,73,81,71
1500000US250250002011,250250002011,"Block Group 1, Census Tract 2.01, Suffolk County, Massachusetts",288,65,275,62,13,21
1500000US250250002012,250250002012,"Block Group 2, Census Tract 2.01, Suffolk County, Massachusetts",228,71,206,72,22,27
1500000US250250002013,250250002013,"Block Group 3, Census Tract 2.01, Suffolk County, Massachusetts",560,99,486,106,74,62
1500000US250250002014,250250002014,"Block Group 4, Census Tract 2.01, Suffolk County, Massachusetts",479,82,361,85,118,80
1500000US250250002021,250250002021,"Block Group 1, Census Tract 2.02, Suffolk County, Massachusetts",598,91,528,86,70,56
1500000US250250002022,250250002022,"Block Group 2, Census Tract 2.02, Suffolk County, Massachusetts",308,84,279,76,29,43
1500000US250250002023,250250002023,"Block Group 3, Census Tract 2.02, Suffolk County, Massachusetts",308,81,308,81,0,12
1500000US250250002024,250250002024,"Block Group 4, Census Tract 2.02, Suffolk County, Massachusetts",249,67,211,70,38,41
1500000US250250003011,250250003011,"Block Group 1, Census Tract 3.01, Suffolk County, Massachusetts",311,97,280,91,31,47
1500000US250250003012,250250003012,"Block Group 2, Census Tract 3.01, Suffolk County, Massachusetts",261,55,252,53,9,14
1500000US250250003013,250250003013,"Block Group 3, Census Tract 3.01, Suffolk County, Massachusetts",269,83,222,76,47,53
1500000US250250003014,250250003014,"Block Group 4, Census Tract 3.01, Suffolk County, Massachusetts",358,77,277,82,81,66
1500000US250250003021,250250003021,"Block Group 1, Census Tract 3.02, Suffolk County, Massachusetts",539,94,405,80,134,98
1500000US250250003022,250250003022,"Block Group 2, Census Tract 3.02, Suffolk County, Massachusetts",755,101,728,100,27,41
1500000US250250004011,250250004011,"Block Group 1, Census Tract 4.01, Suffolk County, Massachusetts",913,126,776,134,137,104
1500000US250250004012,250250004012,"Block Group 2, Census Tract 4.01, Suffolk County, Massachusetts",451,111,374,104,77,71
1500000US250250004013,250250004013,"Block Group 3, Census Tract 4.01, Suffolk County, Massachusetts",496,96,423,97,73,83
1500000US250250004014,250250004014,"Block Group 4, Census Tract 4.01, Suffolk County, Massachusetts",1004,130,1004,130,0,12
1500000US250250004021,250250004021,"Block Group 1, Census Tract 4.02, Suffolk County, Massachusetts",532,80,508,82,24,40
1500000US250250004022,250250004022,"Block Group 2, Census Tract 4.02, Suffolk County, Massachusetts",397,90,346,94,51,56
1500000US250250004023,250250004023,"Block Group 3, Census Tract 4.02, Suffolk County, Massachusetts",545,94,522,99,23,38
1500000US250250005021,250250005021,"Block Group 1, Census Tract 5.02, Suffolk County, Massachusetts",433,93,365,83,68,75
1500000US250250005022,250250005022,"Block Group 2, Census Tract 5.02, Suffolk County, Massachusetts",573,110,477,108,96,72
1500000US250250005023,250250005023,"Block Group 3, Census Tract 5.02, Suffolk County, Massachusetts",929,111,787,115,142,80
1500000US250250005024,250250005024,"Block Group 4, Census Tract 5.02, Suffolk County, Massachusetts",0,12,0,12,0,12
1500000US250250005031,250250005031,"Block Group 1, Census Tract 5.03, Suffolk County, Massachusetts",320,82,320,82,0,12
1500000US250250005032,250250005032,"Block Group 2, Census Tract 5.03, Suffolk County, Massachusetts",967,98,846,113,121,84
1500000US250250005041,250250005041,"Block Group 1, Census Tract 5.04, Suffolk County, Massachusetts",1008,159,827,144,181,105
1500000US250250005042,250250005042,"Block Group 2, Census Tract 5.04, Suffolk County, Massachusetts",703,125,703,125,0,12
1500000US250250005043,250250005043,"Block Group 3, Census Tract 5.04, Suffolk County, Massachusetts",512,112,473,100,39,62
1500000US250250005044,250250005044,"Block Group 4, Census Tract 5.04, Suffolk County, Massachusetts",578,102,517,120,61,74
1500000US250250006011,250250006011,"Block Group 1, Census Tract 6.01, Suffolk County, Massachusetts",161,46,144,42,17,28
1500000US250250006012,250250006012,"Block Group 2, Census Tract 6.01, Suffolk County, Massachusetts",585,90,476,83,109,69
1500000US250250006013,250250006013,"Block Group 3, Census Tract 6.01, Suffolk County, Massachusetts",282,66,224,59,58,46
1500000US250250006014,250250006014,"Block Group 4, Census Tract 6.01, Suffolk County, Massachusetts",453,76,371,83,82,64
1500000US250250006021,250250006021,"Block Group 1, Census Tract 6.02, Suffolk County, Massachusetts",751,87,690,93,61,48
1500000US250250006022,250250006022,"Block Group 2, Census Tract 6.02, Suffolk County, Massachusetts",614,92,580,86,34,41
1500000US250250006023,250250006023,"Block Group 3, Census Tract 6.02, Suffolk County, Massachusetts",628,96,611,98,17,26
1500000US250250007011,250250007011,"Block Group 1, Census Tract 7.01, Suffolk County, Massachusetts",569,119,394,88,175,108
1500000US250250007012,250250007012,"Block Group 2, Census Tract 7.01, Suffolk County, Massachusetts",228,95,228,95,0,12
1500000US250250007013,250250007013,"Block Group 3, Census Tract 7.01, Suffolk County, Massachusetts",319,78,290,86,29,47
1500000US250250007014,250250007014,"Block Group 4, Census Tract 7.01, Suffolk County, Massachusetts",378,96,287,77,91,70
1500000US250250007015,250250007015,"Block Group 5, Census Tract 7.01, Suffolk County, Massachusetts",702,120,582,121,120,93
1500000US250250007031,250250007031,"Block Group 1, Census Tract 7.03, Suffolk County, Massachusetts",670,86,622,94,48,44
1500000US250250007032,250250007032,"Block Group 2, Census Tract 7.03, Suffolk County, Massachusetts",556,80,517,81,39,49
1500000US250250007041,250250007041,"Block Group 1, Census Tract 7.04, Suffolk County, Massachusetts",659,103,582,107,77,68
1500000US250250007042,250250007042,"Block Group 2, Census Tract 7.04, Suffolk County, Massachusetts",531,96,456,102,75,84
1500000US250250007043,250250007043,"Block Group 3, Census Tract 7.04, Suffolk County, Massachusetts",642,103,556,110,86,82
1500000US250250007044,250250007044,"Block Group 4, Census Tract 7.04, Suffolk County, Massachusetts",506,106,483,98,23,38
1500000US250250008021,250250008021,"Block Group 1, Census Tract 8.02, Suffolk County, Massachusetts",566,108,489,102,77,74
1500000US250250008022,250250008022,"Block Group 2, Census Tract 8.02, Suffolk County, Massachusetts",693,117,491,102,202,96
1500000US250250008023,250250008023,"Block Group 3, Census Tract 8.02, Suffolk County, Massachusetts",216,67,216,67,0,12
1500000US250250008024,250250008024,"Block Group 4, Census Tract 8.02, Suffolk County, Massachusetts",753,102,730,106,23,38
1500000US250250008025,250250008025,"Block Group 5, Census Tract 8.02, Suffolk County, Massachusetts",695,111,682,112,13,19
1500000US250250008031,250250008031,"Block Group 1, Census Tract 8.03, Suffolk County, Massachusetts",930,42,785,79,145,74
1500000US250250008032,250250008032,"Block Group 2, Census Tract 8.03, Suffolk County, Massachusetts",0,12,0,12,0,12
1500000US250250101031,250250101031,"Block Group 1, Census Tract 101.03, Suffolk County, Massachusetts",333,52,333,52,0,12
1500000US250250101032,250250101032,"Block Group 2, Census Tract 101.03, Suffolk County, Massachusetts",8,11,8,11,0,12
1500000US250250101033,250250101033,"Block Group 3, Census Tract 101.03, Suffolk County, Massachusetts",116,39,112,41,4,6
1500000US250250101041,250250101041,"Block Group 1, Census Tract 101.04, Suffolk County, Massachusetts",870,113,782,114,88,65
1500000US250250101042,250250101042,"Block Group 2, Census Tract 101.04, Suffolk County, Massachusetts",537,93,488,88,49,55
1500000US250250101043,250250101043,"Block Group 3, Census Tract 101.04, Suffolk County, Massachusetts",631,108,535,95,96,80
1500000US250250102031,250250102031,"Block Group 1, Census Tract 102.03, Suffolk County, Massachusetts",549,119,513,108,36,60
1500000US250250102032,250250102032,"Block Group 2, Census Tract 102.03, Suffolk County, Massachusetts",1483,211,1292,201,191,152
1500000US250250102033,250250102033,"Block Group 3, Census Tract 102.03, Suffolk County, Massachusetts",1125,163,1069,155,56,67
1500000US250250102034,250250102034,"Block Group 4, Census Tract 102.03, Suffolk County, Massachusetts",222,55,222,55,0,12
1500000US250250102041,250250102041,"Block Group 1, Census Tract 102.04, Suffolk County, Massachusetts",297,89,165,69,132,80
1500000US250250102042,250250102042,"Block Group 2, Census Tract 102.04, Suffolk County, Massachusetts",385,92,385,92,0,12
1500000US250250102043,250250102043,"Block Group 3, Census Tract 102.04, Suffolk County, Massachusetts",523,98,451,95,72,51
1500000US250250103001,250250103001,"Block Group 1, Census Tract 103, Suffolk County, Massachusetts",114,43,91,37,23,30
1500000US250250103002,250250103002,"Block Group 2, Census Tract 103, Suffolk County, Massachusetts",181,45,163,46,18,18
1500000US250250104031,250250104031,"Block Group 1, Census Tract 104.03, Suffolk County, Massachusetts",902,155,902,155,0,12
1500000US250250104032,250250104032,"Block Group 2, Census Tract 104.03, Suffolk County, Massachusetts",508,119,508,119,0,12
1500000US250250104033,250250104033,"Block Group 3, Census Tract 104.03, Suffolk County, Massachusetts",559,144,450,117,109,96
1500000US250250104041,250250104041,"Block Group 1, Census Tract 104.04, Suffolk County, Massachusetts",1042,137,905,133,137,110
1500000US250250104042,250250104042,"Block Group 2, Census Tract 104.04, Suffolk County, Massachusetts",170,68,170,68,0,12
1500000US250250104043,250250104043,"Block Group 3, Census Tract 104.04, Suffolk County, Massachusetts",474,134,432,127,42,68
1500000US250250104051,250250104051,"Block Group 1, Census Tract 104.05, Suffolk County, Massachusetts",39,24,39,24,0,12
1500000US250250104052,250250104052,"Block Group 2, Census Tract 104.05, Suffolk County, Massachusetts",540,61,521,60,19,24
1500000US250250104053,250250104053,"Block Group 3, Census Tract 104.05, Suffolk County, Massachusetts",408,63,408,63,0,12
1500000US250250104081,250250104081,"Block Group 1, Census Tract 104.08, Suffolk County, Massachusetts",944,32,926,42,18,28
1500000US250250105001,250250105001,"Block Group 1, Census Tract 105, Suffolk County, Massachusetts",398,84,398,84,0,12
1500000US250250105002,250250105002,"Block Group 2, Census Tract 105, Suffolk County, Massachusetts",795,100,692,106,103,68
1500000US250250105003,250250105003,"Block Group 3, Census Tract 105, Suffolk County, Massachusetts",557,101,557,101,0,12
1500000US250250106001,250250106001,"Block Group 1, Census Tract 106, Suffolk County, Massachusetts",1249,134,1051,116,198,101
1500000US250250106002,250250106002,"Block Group 2, Census Tract 106, Suffolk County, Massachusetts",848,134,723,115,125,98
1500000US250250107011,250250107011,"Block Group 1, Census Tract 107.01, Suffolk County, Massachusetts",571,105,533,111,38,47
1500000US250250107012,250250107012,"Block Group 2, Census Tract 107.01, Suffolk County, Massachusetts",628,101,580,109,48,48
1500000US250250107013,250250107013,"Block Group 3, Census Tract 107.01, Suffolk County, Massachusetts",502,95,449,96,53,62
1500000US250250107021,250250107021,"Block Group 1, Census Tract 107.02, Suffolk County, Massachusetts",645,100,509,111,136,92
1500000US250250107022,250250107022,"Block Group 2, Census Tract 107.02, Suffolk County, Massachusetts",431,82,318,82,113,91
1500000US250250107023,250250107023,"Block Group 3, Census Tract 107.02, Suffolk County, Massachusetts",533,89,443,81,90,55
1500000US250250108011,250250108011,"Block Group 1, Census Tract 108.01, Suffolk County, Massachusetts",284,75,257,67,27,37
1500000US250250108012,250250108012,"Block Group 2, Census Tract 108.01, Suffolk County, Massachusetts",663,106,546,99,117,89
1500000US250250108013,250250108013,"Block Group 3, Census Tract 108.01, Suffolk County, Massachusetts",943,119,877,129,66,66
1500000US250250108021,250250108021,"Block Group 1, Census Tract 108.02, Suffolk County, Massachusetts",760,142,720,137,40,54
1500000US250250108022,250250108022,"Block Group 2, Census Tract 108.02, Suffolk County, Massachusetts",871,142,687,120,184,118
1500000US250250108023,250250108023,"Block Group 3, Census Tract 108.02, Suffolk County, Massachusetts",349,104,349,104,0,12
1500000US250250201011,250250201011,"Block Group 1, Census Tract 201.01, Suffolk County, Massachusetts",374,109,358,113,16,24
1500000US250250201012,250250201012,"Block Group 2, Census Tract 201.01, Suffolk County, Massachusetts",767,117,706,121,61,75
1500000US250250201013,250250201013,"Block Group 3, Census Tract 201.01, Suffolk County, Massachusetts",1047,177,867,180,180,116
1500000US250250201014,250250201014,"Block Group 4, Census Tract 201.01, Suffolk County, Massachusetts",703,125,658,126,45,44
1500000US250250202001,250250202001,"Block Group 1, Census Tract 202, Suffolk County, Massachusetts",970,111,776,109,194,127
1500000US250250202002,250250202002,"Block Group 2, Census Tract 202, Suffolk County, Massachusetts",705,104,670,101,35,58
1500000US250250202003,250250202003,"Block Group 3, Census Tract 202, Suffolk County, Massachusetts",717,107,704,106,13,19
1500000US250250203011,250250203011,"Block Group 1, Census Tract 203.01, Suffolk County, Massachusetts",229,95,191,77,38,59
1500000US250250203012,250250203012,"Block Group 2, Census Tract 203.01, Suffolk County, Massachusetts",1226,96,1210,95,16,30
1500000US250250203021,250250203021,"Block Group 1, Census Tract 203.02, Suffolk County, Massachusetts",695,44,675,50,20,28
1500000US250250203031,250250203031,"Block Group 1, Census Tract 203.03, Suffolk County, Massachusetts",752,119,589,113,163,115
1500000US250250203032,250250203032,"Block Group 2, Census Tract 203.03, Suffolk County, Massachusetts",361,111,300,103,61,58
1500000US250250203033,250250203033,"Block Group 3, Census Tract 203.03, Suffolk County, Massachusetts",710,113,710,113,0,12
1500000US250250301001,250250301001,"Block Group 1, Census Tract 301, Suffolk County, Massachusetts",760,94,647,99,113,88
1500000US250250301002,250250301002,"Block Group 2, Census Tract 301, Suffolk County, Massachusetts",583,88,472,94,111,88
1500000US250250302001,250250302001,"Block Group 1, Census Tract 302, Suffolk County, Massachusetts",1041,75,992,86,49,49
1500000US250250303001,250250303001,"Block Group 1, Census Tract 303, Suffolk County, Massachusetts",1503,158,1291,180,212,130
1500000US250250303002,250250303002,"Block Group 2, Census Tract 303, Suffolk County, Massachusetts",693,139,539,122,154,113
1500000US250250303003,250250303003,"Block Group 3, Census Tract 303, Suffolk County, Massachusetts",671,118,607,121,64,72
1500000US250250303004,250250303004,"Block Group 4, Census Tract 303, Suffolk County, Massachusetts",397,103,362,90,35,57
1500000US250250304001,250250304001,"Block Group 1, Census Tract 304, Suffolk County, Massachusetts",899,83,861,91,38,44
1500000US250250304002,250250304002,"Block Group 2, Census Tract 304, Suffolk County, Massachusetts",690,97,627,98,63,48
1500000US250250305001,250250305001,"Block Group 1, Census Tract 305, Suffolk County, Massachusetts",455,83,425,77,30,35
1500000US250250305002,250250305002,"Block Group 2, Census Tract 305, Suffolk County, Massachusetts",630,114,630,114,0,12
1500000US250250305003,250250305003,"Block Group 3, Census Tract 305, Suffolk County, Massachusetts",504,79,480,78,24,37
1500000US250250401001,250250401001,"Block Group 1, Census Tract 401, Suffolk County, Massachusetts",446,69,440,70,6,10
1500000US250250401002,250250401002,"Block Group 2, Census Tract 401, Suffolk County, Massachusetts",782,73,717,91,65,56
1500000US250250402001,250250402001,"Block Group 1, Census Tract 402, Suffolk County, Massachusetts",292,53,274,59,18,21
1500000US250250402002,250250402002,"Block Group 2, Census Tract 402, Suffolk County, Massachusetts",441,53,394,56,47,41
1500000US250250403001,250250403001,"Block Group 1, Census Tract 403, Suffolk County, Massachusetts",381,134,329,135,52,83
1500000US250250403002,250250403002,"Block Group 2, Census Tract 403, Suffolk County, Massachusetts",731,132,699,136,32,50
1500000US250250403003,250250403003,"Block Group 3, Census Tract 403, Suffolk County, Massachusetts",342,116,342,116,0,12
1500000US250250403004,250250403004,"Block Group 4, Census Tract 403, Suffolk County, Massachusetts",261,68,261,68,0,12
1500000US250250403005,250250403005,"Block Group 5, Census Tract 403, Suffolk County, Massachusetts",357,97,319,95,38,48
1500000US250250404011,250250404011,"Block Group 1, Census Tract 404.01, Suffolk County, Massachusetts",745,70,745,70,0,12
1500000US250250404012,250250404012,"Block Group 2, Census Tract 404.01, Suffolk County, Massachusetts",462,82,462,82,0,12
1500000US250250406001,250250406001,"Block Group 1, Census Tract 406, Suffolk County, Massachusetts",423,80,391,84,32,45
1500000US250250406002,250250406002,"Block Group 2, Census Tract 406, Suffolk County, Massachusetts",943,75,908,73,35,42
1500000US250250408011,250250408011,"Block Group 1, Census Tract 408.01, Suffolk County, Massachusetts",654,130,556,126,98,74
1500000US250250408012,250250408012,"Block Group 2, Census Tract 408.01, Suffolk County, Massachusetts",264,81,264,81,0,12
1500000US250250408013,250250408013,"Block Group 3, Census Tract 408.01, Suffolk County, Massachusetts",1226,122,1133,130,93,67
1500000US250250501011,250250501011,"Block Group 1, Census Tract 501.01, Suffolk County, Massachusetts",533,100,497,99,36,40
1500000US250250501012,250250501012,"Block Group 2, Census Tract 501.01, Suffolk County, Massachusetts",742,99,711,100,31,35
1500000US250250501013,250250501013,"Block Group 3, Census Tract 501.01, Suffolk County, Massachusetts",650,105,599,101,51,34
1500000US250250502001,250250502001,"Block Group 1, Census Tract 502, Suffolk County, Massachusetts",786,112,762,116,24,40
1500000US250250502002,250250502002,"Block Group 2, Census Tract 502, Suffolk County, Massachusetts",528,94,519,93,9,15
1500000US250250502003,250250502003,"Block Group 3, Census Tract 502, Suffolk County, Massachusetts",195,76,171,85,24,37
1500000US250250502004,250250502004,"Block Group 4, Census Tract 502, Suffolk County, Massachusetts",389,100,351,102,38,44
1500000US250250503001,250250503001,"Block Group 1, Census Tract 503, Suffolk County, Massachusetts",217,69,193,68,24,20
1500000US250250503002,250250503002,"Block Group 2, Census Tract 503, Suffolk County, Massachusetts",891,69,869,74,22,25
1500000US250250504001,250250504001,"Block Group 1, Census Tract 504, Suffolk County, Massachusetts",346,81,281,74,65,53
1500000US250250504002,250250504002,"Block Group 2, Census Tract 504, Suffolk County, Massachusetts",749,87,691,94,58,39
1500000US250250505001,250250505001,"Block Group 1, Census Tract 505, Suffolk County, Massachusetts",743,43,706,52,37,34
1500000US250250506001,250250506001,"Block Group 1, Census Tract 506, Suffolk County, Massachusetts",551,69,505,79,46,43
1500000US250250506002,250250506002,"Block Group 2, Census Tract 506, Suffolk County, Massachusetts",288,60,255,58,33,28
1500000US250250507001,250250507001,"Block Group 1, Census Tract 507, Suffolk County, Massachusetts",860,103,816,116,44,42
1500000US250250507002,250250507002,"Block Group 2, Census Tract 507, Suffolk County, Massachusetts",362,94,305,94,57,43
1500000US250250507003,250250507003,"Block Group 3, Census Tract 507, Suffolk County, Massachusetts",459,90,374,104,85,54
1500000US250250509011,250250509011,"Block Group 1, Census Tract 509.01, Suffolk County, Massachusetts",459,98,451,97,8,13
1500000US250250509012,250250509012,"Block Group 2, Census Tract 509.01, Suffolk County, Massachusetts",704,107,629,106,75,59
1500000US250250509013,250250509013,"Block Group 3, Census Tract 509.01, Suffolk County, Massachusetts",321,90,298,93,23,36
1500000US250250510001,250250510001,"Block Group 1, Census Tract 510, Suffolk County, Massachusetts",815,114,808,114,7,11
1500000US250250510002,250250510002,"Block Group 2, Census Tract 510, Suffolk County, Massachusetts",417,84,417,84,0,12
1500000US250250510003,250250510003,"Block Group 3, Census Tract 510, Suffolk County, Massachusetts",530,100,530,100,0,12
1500000US250250511011,250250511011,"Block Group 1, Census Tract 511.01, Suffolk County, Massachusetts",675,139,611,151,64,56
1500000US250250511012,250250511012,"Block Group 2, Census Tract 511.01, Suffolk County, Massachusetts",738,162,728,163,10,16
1500000US250250511013,250250511013,"Block Group 3, Census Tract 511.01, Suffolk County, Massachusetts",603,138,537,138,66,66
1500000US250250511014,250250511014,"Block Group 4, Census Tract 511.01, Suffolk County, Massachusetts",432,120,406,135,26,43
1500000US250250512001,250250512001,"Block Group 1, Census Tract 512, Suffolk County, Massachusetts",28,27,28,27,0,12
1500000US250250512002,250250512002,"Block Group 2, Census Tract 512, Suffolk County, Massachusetts",716,101,642,105,74,58
1500000US250250512003,250250512003,"Block Group 3, Census Tract 512, Suffolk County, Massachusetts",400,82,350,69,50,57
1500000US250250601011,250250601011,"Block Group 1, Census Tract 601.01, Suffolk County, Massachusetts",437,77,429,78,8,13
1500000US250250601012,250250601012,"Block Group 2, Census Tract 601.01, Suffolk County, Massachusetts",369,59,346,65,23,36
1500000US250250601013,250250601013,"Block Group 3, Census Tract 601.01, Suffolk County, Massachusetts",470,65,470,65,0,12
1500000US250250601014,250250601014,"Block Group 4, Census Tract 601.01, Suffolk County, Massachusetts",388,69,366,73,22,36
1500000US250250602001,250250602001,"Block Group 1, Census Tract 602, Suffolk County, Massachusetts",501,71,461,80,40,36
1500000US250250602002,250250602002,"Block Group 2, Census Tract 602, Suffolk County, Massachusetts",531,71,477,86,54,58
1500000US250250603011,250250603011,"Block Group 1, Census Tract 603.01, Suffolk County, Massachusetts",760,103,699,115,61,56
1500000US250250603012,250250603012,"Block Group 2, Census Tract 603.01, Suffolk County, Massachusetts",377,79,346,81,31,40
1500000US250250603013,250250603013,"Block Group 3, Census Tract 603.01, Suffolk County, Massachusetts",511,91,453,81,58,54
1500000US250250604001,250250604001,"Block Group 1, Census Tract 604, Suffolk County, Massachusetts",484,119,431,101,53,67
1500000US250250604002,250250604002,"Block Group 2, Census Tract 604, Suffolk County, Massachusetts",626,146,585,140,41,65
1500000US250250604003,250250604003,"Block Group 3, Census Tract 604, Suffolk County, Massachusetts",564,144,524,134,40,64
1500000US250250604004,250250604004,"Block Group 4, Census Tract 604, Suffolk County, Massachusetts",590,134,590,134,0,12
1500000US250250604005,250250604005,"Block Group 5, Census Tract 604, Suffolk County, Massachusetts",299,82,259,76,40,65
1500000US250250605011,250250605011,"Block Group 1, Census Tract 605.01, Suffolk County, Massachusetts",369,68,301,63,68,62
1500000US250250605012,250250605012,"Block Group 2, Census Tract 605.01, Suffolk County, Massachusetts",536,100,500,97,36,40
1500000US250250605013,250250605013,"Block Group 3, Census Tract 605.01, Suffolk County, Massachusetts",380,74,337,71,43,48
1500000US250250605014,250250605014,"Block Group 4, Census Tract 605.01, Suffolk County, Massachusetts",284,87,284,87,0,12
1500000US250250605015,250250605015,"Block Group 5, Census Tract 605.01, Suffolk County, Massachusetts",331,62,331,62,0,12
1500000US250250606001,250250606001,"Block Group 1, Census Tract 606, Suffolk County, Massachusetts",1462,77,1304,110,158,106
1500000US250250607001,250250607001,"Block Group 1, Census Tract 607, Suffolk County, Massachusetts",254,56,245,55,9,14
1500000US250250607002,250250607002,"Block Group 2, Census Tract 607, Suffolk County, Massachusetts",496,58,480,62,16,20
1500000US250250608001,250250608001,"Block Group 1, Census Tract 608, Suffolk County, Massachusetts",273,113,223,98,50,81
1500000US250250608002,250250608002,"Block Group 2, Census Tract 608, Suffolk County, Massachusetts",443,151,406,149,37,60
1500000US250250608003,250250608003,"Block Group 3, Census Tract 608, Suffolk County, Massachusetts",559,144,482,152,77,64
1500000US250250608004,250250608004,"Block Group 4, Census Tract 608, Suffolk County, Massachusetts",858,156,768,152,90,90
1500000US250250610001,250250610001,"Block Group 1, Census Tract 610, Suffolk County, Massachusetts",464,98,449,98,15,25
1500000US250250610002,250250610002,"Block Group 2, Census Tract 610, Suffolk County, Massachusetts",574,103,574,103,0,12
1500000US250250610003,250250610003,"Block Group 3, Census Tract 610, Suffolk County, Massachusetts",298,101,269,110,29,41
1500000US250250611011,250250611011,"Block Group 1, Census Tract 611.01, Suffolk County, Massachusetts",263,68,241,61,22,35
1500000US250250611012,250250611012,"Block Group 2, Census Tract 611.01, Suffolk County, Massachusetts",793,79,762,82,31,33
1500000US250250612001,250250612001,"Block Group 1, Census Tract 612, Suffolk County, Massachusetts",1136,143,1018,148,118,73
1500000US250250612002,250250612002,"Block Group 2, Census Tract 612, Suffolk County, Massachusetts",396,103,396,103,0,12
1500000US250250612003,250250612003,"Block Group 3, Census Tract 612, Suffolk County, Massachusetts",514,115,483,117,31,33
1500000US250250701011,250250701011,"Block Group 1, Census Tract 701.01, Suffolk County, Massachusetts",638,157,498,148,140,111
1500000US250250701012,250250701012,"Block Group 2, Census Tract 701.01, Suffolk County, Massachusetts",98,69,98,69,0,12
1500000US250250701013,250250701013,"Block Group 3, Census Tract 701.01, Suffolk County, Massachusetts",396,104,339,97,57,55
1500000US250250701014,250250701014,"Block Group 4, Census Tract 701.01, Suffolk County, Massachusetts",705,153,705,153,0,12
1500000US250250701015,250250701015,"Block Group 5, Census Tract 701.01, Suffolk County, Massachusetts",140,66,92,56,48,63
1500000US250250701016,250250701016,"Block Group 6, Census Tract 701.01, Suffolk County, Massachusetts",272,105,241,95,31,49
1500000US250250701017,250250701017,"Block Group 7, Census Tract 701.01, Suffolk County, Massachusetts",694,150,614,144,80,92
1500000US250250701018,250250701018,"Block Group 8, Census Tract 701.01, Suffolk County, Massachusetts",229,120,189,113,40,66
1500000US250250702001,250250702001,"Block Group 1, Census Tract 702, Suffolk County, Massachusetts",533,104,514,105,19,25
1500000US250250702002,250250702002,"Block Group 2, Census Tract 702, Suffolk County, Massachusetts",538,96,538,96,0,12
1500000US250250702003,250250702003,"Block Group 3, Census Tract 702, Suffolk County, Massachusetts",678,122,577,116,101,86
1500000US250250703001,250250703001,"Block Group 1, Census Tract 703, Suffolk County, Massachusetts",637,162,568,150,69,87
1500000US250250703002,250250703002,"Block Group 2, Census Tract 703, Suffolk County, Massachusetts",486,117,486,117,0,12
1500000US250250703003,250250703003,"Block Group 3, Census Tract 703, Suffolk County, Massachusetts",699,137,684,136,15,23
1500000US250250703004,250250703004,"Block Group 4, Census Tract 703, Suffolk County, Massachusetts",688,114,688,114,0,12
1500000US250250704021,250250704021,"Block Group 1, Census Tract 704.02, Suffolk County, Massachusetts",689,35,689,35,0,12
1500000US250250705001,250250705001,"Block Group 1, Census Tract 705, Suffolk County, Massachusetts",1110,143,1051,151,59,71
1500000US250250705002,250250705002,"Block Group 2, Census Tract 705, Suffolk County, Massachusetts",617,136,573,127,44,74
1500000US250250705003,250250705003,"Block Group 3, Census Tract 705, Suffolk County, Massachusetts",749,137,646,110,103,113
1500000US250250705004,250250705004,"Block Group 4, Census Tract 705, Suffolk County, Massachusetts",613,136,613,136,0,12
1500000US250250706001,250250706001,"Block Group 1, Census Tract 706, Suffolk County, Massachusetts",646,81,586,85,60,64
1500000US250250706002,250250706002,"Block Group 2, Census Tract 706, Suffolk County, Massachusetts",738,83,663,95,75,65
1500000US250250707001,250250707001,"Block Group 1, Census Tract 707, Suffolk County, Massachusetts",636,95,636,95,0,12
1500000US250250707002,250250707002,"Block Group 2, Census Tract 707, Suffolk County, Massachusetts",726,93,663,101,63,70
1500000US250250708001,250250708001,"Block Group 1, Census Tract 708, Suffolk County, Massachusetts",1020,146,963,138,57,74
1500000US250250708002,250250708002,"Block Group 2, Census Tract 708, Suffolk County, Massachusetts",631,132,595,134,36,56
1500000US250250708003,250250708003,"Block Group 3, Census Tract 708, Suffolk County, Massachusetts",441,106,441,106,0,12
1500000US250250709001,250250709001,"Block Group 1, Census Tract 709, Suffolk County, Massachusetts",1278,96,1202,109,76,51
1500000US250250709002,250250709002,"Block Group 2, Census Tract 709, Suffolk County, Massachusetts",550,102,505,95,45,55
1500000US250250711011,250250711011,"Block Group 1, Census Tract 711.01, Suffolk County, Massachusetts",963,152,963,152,0,12
1500000US250250711012,250250711012,"Block Group 2, Census Tract 711.01, Suffolk County, Massachusetts",594,135,555,124,39,65
1500000US250250711013,250250711013,"Block Group 3, Census Tract 711.01, Suffolk County, Massachusetts",672,152,646,140,26,40
1500000US250250712011,250250712011,"Block Group 1, Census Tract 712.01, Suffolk County, Massachusetts",685,87,677,88,8,13
1500000US250250712012,250250712012,"Block Group 2, Census Tract 712.01, Suffolk County, Massachusetts",699,84,640,89,59,53
1500000US250250801001,250250801001,"Block Group 1, Census Tract 801, Suffolk County, Massachusetts",432,59,336,67,96,53
1500000US250250801002,250250801002,"Block Group 2, Census Tract 801, Suffolk County, Massachusetts",303,61,281,62,22,21
1500000US250250803001,250250803001,"Block Group 1, Census Tract 803, Suffolk County, Massachusetts",856,60,772,90,84,67
1500000US250250804011,250250804011,"Block Group 1, Census Tract 804.01, Suffolk County, Massachusetts",535,90,492,99,43,47
1500000US250250804012,250250804012,"Block Group 2, Census Tract 804.01, Suffolk County, Massachusetts",797,103,753,107,44,34
1500000US250250805001,250250805001,"Block Group 1, Census Tract 805, Suffolk County, Massachusetts",443,93,378,92,65,51
1500000US250250805002,250250805002,"Block Group 2, Census Tract 805, Suffolk County, Massachusetts",941,93,905,100,36,40
1500000US250250806011,250250806011,"Block Group 1, Census Tract 806.01, Suffolk County, Massachusetts",473,84,411,87,62,45
1500000US250250806012,250250806012,"Block Group 2, Census Tract 806.01, Suffolk County, Massachusetts",177,47,177,47,0,12
1500000US250250806013,250250806013,"Block Group 3, Census Tract 806.01, Suffolk County, Massachusetts",281,67,281,67,0,12
1500000US250250808011,250250808011,"Block Group 1, Census Tract 808.01, Suffolk County, Massachusetts",390,81,375,79,15,24
1500000US250250808012,250250808012,"Block Group 2, Census Tract 808.01, Suffolk County, Massachusetts",529,87,513,88,16,27
1500000US250250809001,250250809001,"Block Group 1, Census Tract 809, Suffolk County, Massachusetts",805,119,649,106,156,90
1500000US250250809002,250250809002,"Block Group 2, Census Tract 809, Suffolk County, Massachusetts",393,94,367,93,26,28
1500000US250250809003,250250809003,"Block Group 3, Census Tract 809, Suffolk County, Massachusetts",425,110,374,105,51,60
1500000US250250810011,250250810011,"Block Group 1, Census Tract 810.01, Suffolk County, Massachusetts",286,76,252,71,34,55
1500000US250250810012,250250810012,"Block Group 2, Census Tract 810.01, Suffolk County, Massachusetts",1160,121,1113,130,47,46
1500000US250250810013,250250810013,"Block Group 3, Census Tract 810.01, Suffolk County, Massachusetts",229,77,200,70,29,47
1500000US250250810014,250250810014,"Block Group 4, Census Tract 810.01, Suffolk County, Massachusetts",624,117,546,114,78,86
1500000US250250811001,250250811001,"Block Group 1, Census Tract 811, Suffolk County, Massachusetts",469,96,450,96,19,31
1500000US250250811002,250250811002,"Block Group 2, Census Tract 811, Suffolk County, Massachusetts",857,91,822,99,35,35
1500000US250250811003,250250811003,"Block Group 3, Census Tract 811, Suffolk County, Massachusetts",414,77,399,77,15,25
1500000US250250812001,250250812001,"Block Group 1, Census Tract 812, Suffolk County, Massachusetts",849,90,747,98,102,56
1500000US250250812002,250250812002,"Block Group 2, Census Tract 812, Suffolk County, Massachusetts",415,86,396,82,19,30
1500000US250250813001,250250813001,"Block Group 1, Census Tract 813, Suffolk County, Massachusetts",725,140,682,135,43,68
1500000US250250813002,250250813002,"Block Group 2, Census Tract 813, Suffolk County, Massachusetts",889,157,889,157,0,12
1500000US250250813003,250250813003,"Block Group 3, Census Tract 813, Suffolk County, Massachusetts",494,154,494,154,0,12
1500000US250250814001,250250814001,"Block Group 1, Census Tract 814, Suffolk County, Massachusetts",445,85,388,78,57,51
1500000US250250814002,250250814002,"Block Group 2, Census Tract 814, Suffolk County, Massachusetts",291,84,270,80,21,34
1500000US250250814003,250250814003,"Block Group 3, Census Tract 814, Suffolk County, Massachusetts",656,96,553,121,103,75
1500000US250250815001,250250815001,"Block Group 1, Census Tract 815, Suffolk County, Massachusetts",341,69,300,68,41,38
1500000US250250815002,250250815002,"Block Group 2, Census Tract 815, Suffolk County, Massachusetts",569,71,534,76,35,35
1500000US250250817001,250250817001,"Block Group 1, Census Tract 817, Suffolk County, Massachusetts",212,68,206,69,6,12
1500000US250250817002,250250817002,"Block Group 2, Census Tract 817, Suffolk County, Massachusetts",469,105,380,106,89,67
1500000US250250817003,250250817003,"Block Group 3, Census Tract 817, Suffolk County, Massachusetts",344,92,312,92,32,37
1500000US250250817004,250250817004,"Block Group 4, Census Tract 817, Suffolk County, Massachusetts",355,95,271,99,84,63
1500000US250250817005,250250817005,"Block Group 5, Census Tract 817, Suffolk County, Massachusetts",303,81,244,79,59,62
1500000US250250818001,250250818001,"Block Group 1, Census Tract 818, Suffolk County, Massachusetts",484,105,435,104,49,55
1500000US250250818002,250250818002,"Block Group 2, Census Tract 818, Suffolk County, Massachusetts",504,114,405,117,99,78
1500000US250250818003,250250818003,"Block Group 3, Census Tract 818, Suffolk County, Massachusetts",462,102,382,107,80,59
1500000US250250819001,250250819001,"Block Group 1, Census Tract 819, Suffolk County, Massachusetts",451,93,383,90,68,62
1500000US250250819002,250250819002,"Block Group 2, Census Tract 819, Suffolk County, Massachusetts",300,80,300,80,0,12
1500000US250250819003,250250819003,"Block Group 3, Census Tract 819, Suffolk County, Massachusetts",243,103,243,103,0,12
1500000US250250819004,250250819004,"Block Group 4, Census Tract 819, Suffolk County, Massachusetts",509,95,376,89,133,74
1500000US250250820001,250250820001,"Block Group 1, Census Tract 820, Suffolk County, Massachusetts",433,88,346,84,87,53
1500000US250250820002,250250820002,"Block Group 2, Census Tract 820, Suffolk County, Massachusetts",345,71,287,70,58,49
1500000US250250820003,250250820003,"Block Group 3, Census Tract 820, Suffolk County, Massachusetts",560,93,463,109,97,65
1500000US250250821001,250250821001,"Block Group 1, Census Tract 821, Suffolk County, Massachusetts",505,110,414,106,91,76
1500000US250250821002,250250821002,"Block Group 2, Census Tract 821, Suffolk County, Massachusetts",617,136,617,136,0,12
1500000US250250821003,250250821003,"Block Group 3, Census Tract 821, Suffolk County, Massachusetts",1075,138,950,137,125,79
1500000US250250901001,250250901001,"Block Group 1, Census Tract 901, Suffolk County, Massachusetts",745,97,685,103,60,60
1500000US250250901002,250250901002,"Block Group 2, Census Tract 901, Suffolk County, Massachusetts",276,75,276,75,0,12
1500000US250250901003,250250901003,"Block Group 3, Census Tract 901, Suffolk County, Massachusetts",329,84,312,86,17,27
1500000US250250901004,250250901004,"Block Group 4, Census Tract 901, Suffolk County, Massachusetts",376,90,361,96,15,24
1500000US250250901005,250250901005,"Block Group 5, Census Tract 901, Suffolk County, Massachusetts",241,62,202,57,39,45
1500000US250250902001,250250902001,"Block Group 1, Census Tract 902, Suffolk County, Massachusetts",276,82,215,62,61,52
1500000US250250902002,250250902002,"Block Group 2, Census Tract 902, Suffolk County, Massachusetts",293,87,293,87,0,12
1500000US250250902003,250250902003,"Block Group 3, Census Tract 902, Suffolk County, Massachusetts",329,80,298,83,31,36
1500000US250250903001,250250903001,"Block Group 1, Census Tract 903, Suffolk County, Massachusetts",362,94,316,91,46,51
1500000US250250903002,250250903002,"Block Group 2, Census Tract 903, Suffolk County, Massachusetts",554,96,468,105,86,67
1500000US250250903003,250250903003,"Block Group 3, Census Tract 903, Suffolk County, Massachusetts",388,84,310,85,78,61
1500000US250250904001,250250904001,"Block Group 1, Census Tract 904, Suffolk County, Massachusetts",246,84,211,86,35,39
1500000US250250904002,250250904002,"Block Group 2, Census Tract 904, Suffolk County, Massachusetts",529,87,461,90,68,63
1500000US250250904003,250250904003,"Block Group 3, Census Tract 904, Suffolk County, Massachusetts",223,67,167,65,56,52
1500000US250250904004,250250904004,"Block Group 4, Census Tract 904, Suffolk County, Massachusetts",292,87,292,87,0,12
1500000US250250906001,250250906001,"Block Group 1, Census Tract 906, Suffolk County, Massachusetts",403,61,295,69,108,54
1500000US250250906002,250250906002,"Block Group 2, Census Tract 906, Suffolk County, Massachusetts",406,57,356,55,50,34
1500000US250250907001,250250907001,"Block Group 1, Census Tract 907, Suffolk County, Massachusetts",684,97,527,94,157,77
1500000US250250907002,250250907002,"Block Group 2, Census Tract 907, Suffolk County, Massachusetts",556,94,509,95,47,44
1500000US250250907003,250250907003,"Block Group 3, Census Tract 907, Suffolk County, Massachusetts",423,98,414,99,9,14
1500000US250250907004,250250907004,"Block Group 4, Census Tract 907, Suffolk County, Massachusetts",345,89,324,87,21,33
1500000US250250909011,250250909011,"Block Group 1, Census Tract 909.01, Suffolk County, Massachusetts",721,87,621,89,100,62
1500000US250250909012,250250909012,"Block Group 2, Census Tract 909.01, Suffolk County, Massachusetts",924,86,856,97,68,51
1500000US250250910011,250250910011,"Block Group 1, Census Tract 910.01, Suffolk County, Massachusetts",164,66,164,66,0,12
1500000US250250910012,250250910012,"Block Group 2, Census Tract 910.01, Suffolk County, Massachusetts",360,82,360,82,0,12
1500000US250250910013,250250910013,"Block Group 3, Census Tract 910.01, Suffolk County, Massachusetts",368,77,349,78,19,32
1500000US250250910014,250250910014,"Block Group 4, Census Tract 910.01, Suffolk County, Massachusetts",454,76,415,81,39,45
1500000US250250911001,250250911001,"Block Group 1, Census Tract 911, Suffolk County, Massachusetts",627,102,521,97,106,67
1500000US250250911002,250250911002,"Block Group 2, Census Tract 911, Suffolk County, Massachusetts",367,88,324,88,43,48
1500000US250250911003,250250911003,"Block Group 3, Census Tract 911, Suffolk County, Massachusetts",333,76,313,80,20,33
1500000US250250911004,250250911004,"Block Group 4, Census Tract 911, Suffolk County, Massachusetts",251,69,209,66,42,35
1500000US250250911005,250250911005,"Block Group 5, Census Tract 911, Suffolk County, Massachusetts",327,90,327,90,0,12
1500000US250250912001,250250912001,"Block Group 1, Census Tract 912, Suffolk County, Massachusetts",367,94,367,94,0,12
1500000US250250912002,250250912002,"Block Group 2, Census Tract 912, Suffolk County, Massachusetts",579,96,510,102,69,55
1500000US250250912003,250250912003,"Block Group 3, Census Tract 912, Suffolk County, Massachusetts",299,88,249,78,50,54
1500000US250250913001,250250913001,"Block Group 1, Census Tract 913, Suffolk County, Massachusetts",501,62,445,75,56,48
1500000US250250913002,250250913002,"Block Group 2, Census Tract 913, Suffolk County, Massachusetts",376,65,306,68,70,49
1500000US250250914001,250250914001,"Block Group 1, Census Tract 914, Suffolk County, Massachusetts",657,67,579,70,78,51
1500000US250250914002,250250914002,"Block Group 2, Census Tract 914, Suffolk County, Massachusetts",323,65,306,64,17,20
1500000US250250915001,250250915001,"Block Group 1, Census Tract 915, Suffolk County, Massachusetts",730,97,691,104,39,30
1500000US250250915002,250250915002,"Block Group 2, Census Tract 915, Suffolk County, Massachusetts",629,113,533,116,96,54
1500000US250250915003,250250915003,"Block Group 3, Census Tract 915, Suffolk County, Massachusetts",397,78,349,73,48,37
1500000US250250916001,250250916001,"Block Group 1, Census Tract 916, Suffolk County, Massachusetts",521,89,456,90,65,53
1500000US250250916002,250250916002,"Block Group 2, Census Tract 916, Suffolk County, Massachusetts",408,102,387,102,21,32
1500000US250250916003,250250916003,"Block Group 3, Census Tract 916, Suffolk County, Massachusetts",271,70,237,68,34,39
1500000US250250917001,250250917001,"Block Group 1, Census Tract 917, Suffolk County, Massachusetts",484,74,455,75,29,25
1500000US250250917002,250250917002,"Block Group 2, Census Tract 917, Suffolk County, Massachusetts",347,68,311,70,36,40
1500000US250250917003,250250917003,"Block Group 3, Census Tract 917, Suffolk County, Massachusetts",266,61,251,62,15,22
1500000US250250918001,250250918001,"Block Group 1, Census Tract 918, Suffolk County, Massachusetts",407,94,373,85,34,40
1500000US250250918002,250250918002,"Block Group 2, Census Tract 918, Suffolk County, Massachusetts",471,99,415,97,56,51
1500000US250250918003,250250918003,"Block Group 3, Census Tract 918, Suffolk County, Massachusetts",356,89,340,86,16,27
1500000US250250919001,250250919001,"Block Group 1, Census Tract 919, Suffolk County, Massachusetts",348,85,296,90,52,48
1500000US250250919002,250250919002,"Block Group 2, Census Tract 919, Suffolk County, Massachusetts",339,77,275,79,64,58
1500000US250250919003,250250919003,"Block Group 3, Census Tract 919, Suffolk County, Massachusetts",510,91,448,82,62,54
1500000US250250919004,250250919004,"Block Group 4, Census Tract 919, Suffolk County, Massachusetts",229,64,163,52,66,48
1500000US250250920001,250250920001,"Block Group 1, Census Tract 920, Suffolk County, Massachusetts",529,92,468,85,61,44
1500000US250250920002,250250920002,"Block Group 2, Census Tract 920, Suffolk County, Massachusetts",471,83,436,80,35,38
1500000US250250920003,250250920003,"Block Group 3, Census Tract 920, Suffolk County, Massachusetts",369,82,318,86,51,36
1500000US250250920004,250250920004,"Block Group 4, Census Tract 920, Suffolk County, Massachusetts",372,67,357,69,15,23
1500000US250250921011,250250921011,"Block Group 1, Census Tract 921.01, Suffolk County, Massachusetts",514,140,514,140,0,12
1500000US250250921012,250250921012,"Block Group 2, Census Tract 921.01, Suffolk County, Massachusetts",446,151,446,151,0,12
1500000US250250921013,250250921013,"Block Group 3, Census Tract 921.01, Suffolk County, Massachusetts",181,93,140,68,41,65
1500000US250250921014,250250921014,"Block Group 4, Census Tract 921.01, Suffolk County, Massachusetts",523,120,430,112,93,87
1500000US250250921015,250250921015,"Block Group 5, Census Tract 921.01, Suffolk County, Massachusetts",884,149,697,150,187,122
1500000US250250922001,250250922001,"Block Group 1, Census Tract 922, Suffolk County, Massachusetts",257,72,257,72,0,12
1500000US250250922002,250250922002,"Block Group 2, Census Tract 922, Suffolk County, Massachusetts",262,80,214,92,48,51
1500000US250250922003,250250922003,"Block Group 3, Census Tract 922, Suffolk County, Massachusetts",285,57,270,56,15,25
1500000US250250922004,250250922004,"Block Group 4, Census Tract 922, Suffolk County, Massachusetts",410,102,282,79,128,79
1500000US250250923001,250250923001,"Block Group 1, Census Tract 923, Suffolk County, Massachusetts",291,67,284,66,7,11
1500000US250250923002,250250923002,"Block Group 2, Census Tract 923, Suffolk County, Massachusetts",247,74,229,75,18,30
1500000US250250923003,250250923003,"Block Group 3, Census Tract 923, Suffolk County, Massachusetts",405,69,335,67,70,53
1500000US250250923004,250250923004,"Block Group 4, Census Tract 923, Suffolk County, Massachusetts",238,72,219,74,19,30
1500000US250250924001,250250924001,"Block Group 1, Census Tract 924, Suffolk County, Massachusetts",194,90,169,79,25,40
1500000US250250924002,250250924002,"Block Group 2, Census Tract 924, Suffolk County, Massachusetts",600,129,572,122,28,46
1500000US250250924003,250250924003,"Block Group 3, Census Tract 924, Suffolk County, Massachusetts",683,138,592,142,91,74
1500000US250250924004,250250924004,"Block Group 4, Census Tract 924, Suffolk County, Massachusetts",460,98,418,98,42,49
1500000US250250924005,250250924005,"Block Group 5, Census Tract 924, Suffolk County, Massachusetts",275,109,275,109,0,12
1500000US250251001001,250251001001,"Block Group 1, Census Tract 1001, Suffolk County, Massachusetts",162,78,162,78,0,12
1500000US250251001002,250251001002,"Block Group 2, Census Tract 1001, Suffolk County, Massachusetts",229,70,199,79,30,34
1500000US250251001003,250251001003,"Block Group 3, Census Tract 1001, Suffolk County, Massachusetts",225,72,206,75,19,28
1500000US250251001004,250251001004,"Block Group 4, Census Tract 1001, Suffolk County, Massachusetts",306,84,287,78,19,29
1500000US250251001005,250251001005,"Block Group 5, Census Tract 1001, Suffolk County, Massachusetts",229,75,156,74,73,59
1500000US250251001006,250251001006,"Block Group 6, Census Tract 1001, Suffolk County, Massachusetts",474,99,442,99,32,37
1500000US250251001007,250251001007,"Block Group 7, Census Tract 1001, Suffolk County, Massachusetts",513,110,513,110,0,12
1500000US250251002001,250251002001,"Block Group 1, Census Tract 1002, Suffolk County, Massachusetts",385,68,317,62,68,44
1500000US250251002002,250251002002,"Block Group 2, Census Tract 1002, Suffolk County, Massachusetts",213,56,187,55,26,24
1500000US250251002003,250251002003,"Block Group 3, Census Tract 1002, Suffolk County, Massachusetts",465,78,346,72,119,64
1500000US250251003001,250251003001,"Block Group 1, Census Tract 1003, Suffolk County, Massachusetts",465,92,404,100,61,39
1500000US250251003002,250251003002,"Block Group 2, Census Tract 1003, Suffolk County, Massachusetts",275,68,245,67,30,32
1500000US250251003003,250251003003,"Block Group 3, Census Tract 1003, Suffolk County, Massachusetts",248,64,212,65,36,33
1500000US250251003004,250251003004,"Block Group 4, Census Tract 1003, Suffolk County, Massachusetts",347,78,269,81,78,54
1500000US250251004001,250251004001,"Block Group 1, Census Tract 1004, Suffolk County, Massachusetts",502,120,484,125,18,29
1500000US250251004002,250251004002,"Block Group 2, Census Tract 1004, Suffolk County, Massachusetts",360,81,312,72,48,56
1500000US250251004003,250251004003,"Block Group 3, Census Tract 1004, Suffolk County, Massachusetts",317,100,292,104,25,40
1500000US250251004004,250251004004,"Block Group 4, Census Tract 1004, Suffolk County, Massachusetts",680,128,588,135,92,76
1500000US250251005001,250251005001,"Block Group 1, Census Tract 1005, Suffolk County, Massachusetts",610,129,563,122,47,54
1500000US250251005002,250251005002,"Block Group 2, Census Tract 1005, Suffolk County, Massachusetts",404,113,404,113,0,12
1500000US250251005003,250251005003,"Block Group 3, Census Tract 1005, Suffolk County, Massachusetts",435,132,411,134,24,39
1500000US250251005004,250251005004,"Block Group 4, Census Tract 1005, Suffolk County, Massachusetts",516,124,411,124,105,89
1500000US250251005005,250251005005,"Block Group 5, Census Tract 1005, Suffolk County, Massachusetts",559,166,430,187,129,83
1500000US250251006011,250251006011,"Block Group 1, Census Tract 1006.01, Suffolk County, Massachusetts",370,107,341,116,29,44
1500000US250251006012,250251006012,"Block Group 2, Census Tract 1006.01, Suffolk County, Massachusetts",380,102,342,88,38,59
1500000US250251006013,250251006013,"Block Group 3, Census Tract 1006.01, Suffolk County, Massachusetts",613,141,455,117,158,109
1500000US250251006014,250251006014,"Block Group 4, Census Tract 1006.01, Suffolk County, Massachusetts",892,159,863,164,29,35
1500000US250251006031,250251006031,"Block Group 1, Census Tract 1006.03, Suffolk County, Massachusetts",503,75,463,79,40,43
1500000US250251006032,250251006032,"Block Group 2, Census Tract 1006.03, Suffolk County, Massachusetts",377,81,346,80,31,42
1500000US250251007001,250251007001,"Block Group 1, Census Tract 1007, Suffolk County, Massachusetts",467,121,395,110,72,64
1500000US250251007002,250251007002,"Block Group 2, Census Tract 1007, Suffolk County, Massachusetts",560,124,513,122,47,52
1500000US250251007003,250251007003,"Block Group 3, Census Tract 1007, Suffolk County, Massachusetts",267,55,267,55,0,12
1500000US250251007004,250251007004,"Block Group 4, Census Tract 1007, Suffolk County, Massachusetts",374,83,358,80,16,19
1500000US250251007005,250251007005,"Block Group 5, Census Tract 1007, Suffolk County, Massachusetts",262,94,262,94,0,12
1500000US250251008001,250251008001,"Block Group 1, Census Tract 1008, Suffolk County, Massachusetts",195,72,195,72,0,12
1500000US250251008002,250251008002,"Block Group 2, Census Tract 1008, Suffolk County, Massachusetts",576,143,576,143,0,12
1500000US250251008003,250251008003,"Block Group 3, Census Tract 1008, Suffolk County, Massachusetts",490,146,456,141,34,51
1500000US250251008004,250251008004,"Block Group 4, Census Tract 1008, Suffolk County, Massachusetts",532,125,481,119,51,81
1500000US250251008005,250251008005,"Block Group 5, Census Tract 1008, Suffolk County, Massachusetts",376,104,376,104,0,12
1500000US250251008006,250251008006,"Block Group 6, Census Tract 1008, Suffolk County, Massachusetts",597,137,514,131,83,89
1500000US250251009001,250251009001,"Block Group 1, Census Tract 1009, Suffolk County, Massachusetts",426,106,372,103,54,53
1500000US250251009002,250251009002,"Block Group 2, Census Tract 1009, Suffolk County, Massachusetts",268,91,217,86,51,48
1500000US250251009003,250251009003,"Block Group 3, Census Tract 1009, Suffolk County, Massachusetts",517,111,463,106,54,59
1500000US250251009004,250251009004,"Block Group 4, Census Tract 1009, Suffolk County, Massachusetts",261,84,261,84,0,12
1500000US250251009005,250251009005,"Block Group 5, Census Tract 1009, Suffolk County, Massachusetts",310,85,310,85,0,12
1500000US250251010011,250251010011,"Block Group 1, Census Tract 1010.01, Suffolk County, Massachusetts",388,119,388,119,0,12
1500000US250251010012,250251010012,"Block Group 2, Census Tract 1010.01, Suffolk County, Massachusetts",346,91,346,91,0,12
1500000US250251010013,250251010013,"Block Group 3, Census Tract 1010.01, Suffolk County, Massachusetts",270,112,270,112,0,12
1500000US250251010014,250251010014,"Block Group 4, Census Tract 1010.01, Suffolk County, Massachusetts",405,126,294,107,111,85
1500000US250251010015,250251010015,"Block Group 5, Census Tract 1010.01, Suffolk County, Massachusetts",431,118,396,119,35,53
1500000US250251010016,250251010016,"Block Group 6, Census Tract 1010.01, Suffolk County, Massachusetts",520,136,425,121,95,88
1500000US250251010021,250251010021,"Block Group 1, Census Tract 1010.02, Suffolk County, Massachusetts",443,120,263,114,180,95
1500000US250251010022,250251010022,"Block Group 2, Census Tract 1010.02, Suffolk County, Massachusetts",975,168,904,155,71,85
1500000US250251010023,250251010023,"Block Group 3, Census Tract 1010.02, Suffolk County, Massachusetts",797,159,797,159,0,12
1500000US250251011011,250251011011,"Block Group 1, Census Tract 1011.01, Suffolk County, Massachusetts",328,77,259,73,69,55
1500000US250251011012,250251011012,"Block Group 2, Census Tract 1011.01, Suffolk County, Massachusetts",338,76,306,87,32,35
1500000US250251011013,250251011013,"Block Group 3, Census Tract 1011.01, Suffolk County, Massachusetts",552,89,509,94,43,40
1500000US250251011021,250251011021,"Block Group 1, Census Tract 1011.02, Suffolk County, Massachusetts",293,78,248,79,45,40
1500000US250251011022,250251011022,"Block Group 2, Census Tract 1011.02, Suffolk County, Massachusetts",600,95,526,92,74,52
1500000US250251011023,250251011023,"Block Group 3, Census Tract 1011.02, Suffolk County, Massachusetts",289,80,222,78,67,48
1500000US250251011024,250251011024,"Block Group 4, Census Tract 1011.02, Suffolk County, Massachusetts",583,85,549,88,34,37
1500000US250251101031,250251101031,"Block Group 1, Census Tract 1101.03, Suffolk County, Massachusetts",369,75,339,94,30,54
1500000US250251101032,250251101032,"Block Group 2, Census Tract 1101.03, Suffolk County, Massachusetts",197,84,197,84,0,12
1500000US250251101033,250251101033,"Block Group 3, Census Tract 1101.03, Suffolk County, Massachusetts",166,72,166,72,0,12
1500000US250251101034,250251101034,"Block Group 4, Census Tract 1101.03, Suffolk County, Massachusetts",303,111,303,111,0,12
1500000US250251101035,250251101035,"Block Group 5, Census Tract 1101.03, Suffolk County, Massachusetts",750,128,721,134,29,47
1500000US250251101036,250251101036,"Block Group 6, Census Tract 1101.03, Suffolk County, Massachusetts",295,71,259,77,36,59
1500000US250251101037,250251101037,"Block Group 7, Census Tract 1101.03, Suffolk County, Massachusetts",345,142,345,142,0,12
1500000US250251102011,250251102011,"Block Group 1, Census Tract 1102.01, Suffolk County, Massachusetts",933,37,883,61,50,47
1500000US250251103011,250251103011,"Block Group 1, Census Tract 1103.01, Suffolk County, Massachusetts",370,79,305,77,65,50
1500000US250251103012,250251103012,"Block Group 2, Census Tract 1103.01, Suffolk County, Massachusetts",593,81,562,85,31,29
1500000US250251104011,250251104011,"Block Group 1, Census Tract 1104.01, Suffolk County, Massachusetts",733,91,708,94,25,39
1500000US250251104012,250251104012,"Block Group 2, Census Tract 1104.01, Suffolk County, Massachusetts",696,88,696,88,0,12
1500000US250251104031,250251104031,"Block Group 1, Census Tract 1104.03, Suffolk County, Massachusetts",516,122,516,122,0,12
1500000US250251104032,250251104032,"Block Group 2, Census Tract 1104.03, Suffolk County, Massachusetts",287,72,287,72,0,12
1500000US250251104033,250251104033,"Block Group 3, Census Tract 1104.03, Suffolk County, Massachusetts",210,80,210,80,0,12
1500000US250251104034,250251104034,"Block Group 4, Census Tract 1104.03, Suffolk County, Massachusetts",344,90,293,82,51,55
1500000US250251104035,250251104035,"Block Group 5, Census Tract 1104.03, Suffolk County, Massachusetts",439,110,403,103,36,55
1500000US250251105011,250251105011,"Block Group 1, Census Tract 1105.01, Suffolk County, Massachusetts",294,64,275,67,19,30
1500000US250251105012,250251105012,"Block Group 2, Census Tract 1105.01, Suffolk County, Massachusetts",736,94,664,95,72,65
1500000US250251105013,250251105013,"Block Group 3, Census Tract 1105.01, Suffolk County, Massachusetts",316,81,316,81,0,12
1500000US250251105021,250251105021,"Block Group 1, Census Tract 1105.02, Suffolk County, Massachusetts",686,99,589,124,97,87
1500000US250251105022,250251105022,"Block Group 2, Census Tract 1105.02, Suffolk County, Massachusetts",798,103,731,112,67,52
1500000US250251105023,250251105023,"Block Group 3, Census Tract 1105.02, Suffolk County, Massachusetts",268,76,229,69,39,51
1500000US250251106011,250251106011,"Block Group 1, Census Tract 1106.01, Suffolk County, Massachusetts",888,59,778,75,110,73
1500000US250251106012,250251106012,"Block Group 2, Census Tract 1106.01, Suffolk County, Massachusetts",411,67,411,67,0,12
1500000US250251106071,250251106071,"Block Group 1, Census Tract 1106.07, Suffolk County, Massachusetts",494,162,494,162,0,12
1500000US250251106072,250251106072,"Block Group 2, Census Tract 1106.07, Suffolk County, Massachusetts",628,109,565,94,63,102
1500000US250251106073,250251106073,"Block Group 3, Census Tract 1106.07, Suffolk County, Massachusetts",749,148,694,149,55,81
1500000US250251106074,250251106074,"Block Group 4, Census Tract 1106.07, Suffolk County, Massachusetts",319,90,248,78,71,84
1500000US250251201031,250251201031,"Block Group 1, Census Tract 1201.03, Suffolk County, Massachusetts",690,30,648,64,42,61
1500000US250251201041,250251201041,"Block Group 1, Census Tract 1201.04, Suffolk County, Massachusetts",225,69,200,63,25,37
1500000US250251201042,250251201042,"Block Group 2, Census Tract 1201.04, Suffolk County, Massachusetts",378,78,348,72,30,35
1500000US250251201043,250251201043,"Block Group 3, Census Tract 1201.04, Suffolk County, Massachusetts",475,78,475,78,0,12
1500000US250251201051,250251201051,"Block Group 1, Census Tract 1201.05, Suffolk County, Massachusetts",269,41,263,43,6,10
1500000US250251201052,250251201052,"Block Group 2, Census Tract 1201.05, Suffolk County, Massachusetts",385,53,385,53,0,12
1500000US250251201053,250251201053,"Block Group 3, Census Tract 1201.05, Suffolk County, Massachusetts",275,44,259,52,16,26
1500000US250251202011,250251202011,"Block Group 1, Census Tract 1202.01, Suffolk County, Massachusetts",641,99,622,97,19,30
1500000US250251202012,250251202012,"Block Group 2, Census Tract 1202.01, Suffolk County, Massachusetts",892,110,852,106,40,53
1500000US250251202013,250251202013,"Block Group 3, Census Tract 1202.01, Suffolk County, Massachusetts",236,73,236,73,0,12
1500000US250251203011,250251203011,"Block Group 1, Census Tract 1203.01, Suffolk County, Massachusetts",439,117,408,110,31,49
1500000US250251203012,250251203012,"Block Group 2, Census Tract 1203.01, Suffolk County, Massachusetts",362,92,326,90,36,56
1500000US250251203013,250251203013,"Block Group 3, Census Tract 1203.01, Suffolk County, Massachusetts",629,113,629,113,0,12
1500000US250251203014,250251203014,"Block Group 4, Census Tract 1203.01, Suffolk County, Massachusetts",545,123,520,118,25,40
1500000US250251204001,250251204001,"Block Group 1, Census Tract 1204, Suffolk County, Massachusetts",464,164,420,162,44,50
1500000US250251204002,250251204002,"Block Group 2, Census Tract 1204, Suffolk County, Massachusetts",446,136,446,136,0,12
1500000US250251204003,250251204003,"Block Group 3, Census Tract 1204, Suffolk County, Massachusetts",393,71,393,71,0,12
1500000US250251204004,250251204004,"Block Group 4, Census Tract 1204, Suffolk County, Massachusetts",730,132,722,138,8,25
1500000US250251204005,250251204005,"Block Group 5, Census Tract 1204, Suffolk County, Massachusetts",837,145,837,145,0,12
1500000US250251205001,250251205001,"Block Group 1, Census Tract 1205, Suffolk County, Massachusetts",355,79,318,80,37,35
1500000US250251205002,250251205002,"Block Group 2, Census Tract 1205, Suffolk County, Massachusetts",271,68,228,76,43,44
1500000US250251205003,250251205003,"Block Group 3, Census Tract 1205, Suffolk County, Massachusetts",316,71,278,71,38,39
1500000US250251206001,250251206001,"Block Group 1, Census Tract 1206, Suffolk County, Massachusetts",337,73,311,65,26,41
1500000US250251206002,250251206002,"Block Group 2, Census Tract 1206, Suffolk County, Massachusetts",415,77,415,77,0,12
1500000US250251206003,250251206003,"Block Group 3, Census Tract 1206, Suffolk County, Massachusetts",345,70,345,70,0,12
1500000US250251207001,250251207001,"Block Group 1, Census Tract 1207, Suffolk County, Massachusetts",379,66,361,66,18,29
1500000US250251207002,250251207002,"Block Group 2, Census Tract 1207, Suffolk County, Massachusetts",686,75,594,86,92,65
1500000US250251301001,250251301001,"Block Group 1, Census Tract 1301, Suffolk County, Massachusetts",510,99,510,99,0,12
1500000US250251301002,250251301002,"Block Group 2, Census Tract 1301, Suffolk County, Massachusetts",780,104,699,111,81,90
1500000US250251301003,250251301003,"Block Group 3, Census Tract 1301, Suffolk County, Massachusetts",276,81,276,81,0,12
1500000US250251301004,250251301004,"Block Group 4, Census Tract 1301, Suffolk County, Massachusetts",319,79,319,79,0,12
1500000US250251301005,250251301005,"Block Group 5, Census Tract 1301, Suffolk County, Massachusetts",401,98,352,109,49,63
1500000US250251301006,250251301006,"Block Group 6, Census Tract 1301, Suffolk County, Massachusetts",100,59,100,59,0,12
1500000US250251301007,250251301007,"Block Group 7, Census Tract 1301, Suffolk County, Massachusetts",344,119,344,119,0,12
1500000US250251302001,250251302001,"Block Group 1, Census Tract 1302, Suffolk County, Massachusetts",270,63,244,59,26,42
1500000US250251302002,250251302002,"Block Group 2, Census Tract 1302, Suffolk County, Massachusetts",364,73,307,73,57,63
1500000US250251302003,250251302003,"Block Group 3, Census Tract 1302, Suffolk County, Massachusetts",597,88,597,88,0,12
1500000US250251302004,250251302004,"Block Group 4, Census Tract 1302, Suffolk County, Massachusetts",243,59,243,59,0,12
1500000US250251302005,250251302005,"Block Group 5, Census Tract 1302, Suffolk County, Massachusetts",456,85,436,81,20,32
1500000US250251303001,250251303001,"Block Group 1, Census Tract 1303, Suffolk County, Massachusetts",382,64,382,64,0,12
1500000US250251303002,250251303002,"Block Group 2, Census Tract 1303, Suffolk County, Massachusetts",455,77,447,77,8,13
1500000US250251303003,250251303003,"Block Group 3, Census Tract 1303, Suffolk County, Massachusetts",274,63,250,56,24,40
1500000US250251303004,250251303004,"Block Group 4, Census Tract 1303, Suffolk County, Massachusetts",462,108,438,109,24,39
1500000US250251303005,250251303005,"Block Group 5, Census Tract 1303, Suffolk County, Massachusetts",241,51,241,51,0,12
1500000US250251304021,250251304021,"Block Group 1, Census Tract 1304.02, Suffolk County, Massachusetts",559,129,559,129,0,12
1500000US250251304022,250251304022,"Block Group 2, Census Tract 1304.02, Suffolk County, Massachusetts",411,133,411,133,0,12
1500000US250251304023,250251304023,"Block Group 3, Census Tract 1304.02, Suffolk County, Massachusetts",461,116,461,116,0,12
1500000US250251304024,250251304024,"Block Group 4, Census Tract 1304.02, Suffolk County, Massachusetts",346,98,346,98,0,12
1500000US250251304025,250251304025,"Block Group 5, Census Tract 1304.02, Suffolk County, Massachusetts",450,115,359,107,91,101
1500000US250251304041,250251304041,"Block Group 1, Census Tract 1304.04, Suffolk County, Massachusetts",804,102,766,105,38,45
1500000US250251304042,250251304042,"Block Group 2, Census Tract 1304.04, Suffolk County, Massachusetts",305,70,305,70,0,12
1500000US250251304043,250251304043,"Block Group 3, Census Tract 1304.04, Suffolk County, Massachusetts",191,73,153,65,38,60
1500000US250251304061,250251304061,"Block Group 1, Census Tract 1304.06, Suffolk County, Massachusetts",963,161,866,163,97,105
1500000US250251304062,250251304062,"Block Group 2, Census Tract 1304.06, Suffolk County, Massachusetts",1063,159,1063,159,0,12
1500000US250251304063,250251304063,"Block Group 3, Census Tract 1304.06, Suffolk County, Massachusetts",244,87,244,87,0,12
1500000US250251401021,250251401021,"Block Group 1, Census Tract 1401.02, Suffolk County, Massachusetts",331,110,285,99,46,51
1500000US250251401022,250251401022,"Block Group 2, Census Tract 1401.02, Suffolk County, Massachusetts",425,90,361,92,64,61
1500000US250251401023,250251401023,"Block Group 3, Census Tract 1401.02, Suffolk County, Massachusetts",438,91,417,98,21,33
1500000US250251401024,250251401024,"Block Group 4, Census Tract 1401.02, Suffolk County, Massachusetts",519,86,493,86,26,42
1500000US250251401051,250251401051,"Block Group 1, Census Tract 1401.05, Suffolk County, Massachusetts",863,117,774,126,89,46
1500000US250251401052,250251401052,"Block Group 2, Census Tract 1401.05, Suffolk County, Massachusetts",471,109,471,109,0,12
1500000US250251401061,250251401061,"Block Group 1, Census Tract 1401.06, Suffolk County, Massachusetts",728,77,688,71,40,36
1500000US250251401062,250251401062,"Block Group 2, Census Tract 1401.06, Suffolk County, Massachusetts",165,65,144,56,21,35
1500000US250251401071,250251401071,"Block Group 1, Census Tract 1401.07, Suffolk County, Massachusetts",759,76,745,83,14,22
1500000US250251401072,250251401072,"Block Group 2, Census Tract 1401.07, Suffolk County, Massachusetts",320,77,305,77,15,24
1500000US250251402011,250251402011,"Block Group 1, Census Tract 1402.01, Suffolk County, Massachusetts",583,94,569,94,14,23
1500000US250251402012,250251402012,"Block Group 2, Census Tract 1402.01, Suffolk County, Massachusetts",371,87,371,87,0,12
1500000US250251402021,250251402021,"Block Group 1, Census Tract 1402.02, Suffolk County, Massachusetts",365,114,331,105,34,49
1500000US250251402022,250251402022,"Block Group 2, Census Tract 1402.02, Suffolk County, Massachusetts",492,109,492,109,0,12
1500000US250251402023,250251402023,"Block Group 3, Census Tract 1402.02, Suffolk County, Massachusetts",463,96,463,96,0,12
1500000US250251402024,250251402024,"Block Group 4, Census Tract 1402.02, Suffolk County, Massachusetts",519,115,487,108,32,48
1500000US250251402025,250251402025,"Block Group 5, Census Tract 1402.02, Suffolk County, Massachusetts",302,66,302,66,0,12
1500000US250251403001,250251403001,"Block Group 1, Census Tract 1403, Suffolk County, Massachusetts",477,146,392,146,85,95
1500000US250251403002,250251403002,"Block Group 2, Census Tract 1403, Suffolk County, Massachusetts",259,118,218,108,41,67
1500000US250251403003,250251403003,"Block Group 3, Census Tract 1403, Suffolk County, Massachusetts",751,149,711,155,40,64
1500000US250251403004,250251403004,"Block Group 4, Census Tract 1403, Suffolk County, Massachusetts",274,80,274,80,0,12
1500000US250251403005,250251403005,"Block Group 5, Census Tract 1403, Suffolk County, Massachusetts",389,132,370,134,19,27
1500000US250251403006,250251403006,"Block Group 6, Census Tract 1403, Suffolk County, Massachusetts",360,112,272,110,88,95
1500000US250251404001,250251404001,"Block Group 1, Census Tract 1404, Suffolk County, Massachusetts",297,90,266,88,31,50
1500000US250251404002,250251404002,"Block Group 2, Census Tract 1404, Suffolk County, Massachusetts",312,99,312,99,0,12
1500000US250251404003,250251404003,"Block Group 3, Census Tract 1404, Suffolk County, Massachusetts",371,110,371,110,0,12
1500000US250251404004,250251404004,"Block Group 4, Census Tract 1404, Suffolk County, Massachusetts",357,124,357,124,0,12
1500000US250251404005,250251404005,"Block Group 5, Census Tract 1404, Suffolk County, Massachusetts",606,138,570,129,36,55
1500000US250251404006,250251404006,"Block Group 6, Census Tract 1404, Suffolk County, Massachusetts",592,134,543,123,49,77
1500000US250251404007,250251404007,"Block Group 7, Census Tract 1404, Suffolk County, Massachusetts",459,120,419,119,40,51
1500000US250251601011,250251601011,"Block Group 1, Census Tract 1601.01, Suffolk County, Massachusetts",336,92,305,91,31,46
1500000US250251601012,250251601012,"Block Group 2, Census Tract 1601.01, Suffolk County, Massachusetts",584,127,584,127,0,12
1500000US250251601013,250251601013,"Block Group 3, Census Tract 1601.01, Suffolk County, Massachusetts",389,115,359,97,30,46
1500000US250251601014,250251601014,"Block Group 4, Census Tract 1601.01, Suffolk County, Massachusetts",580,150,580,150,0,12
1500000US250251601015,250251601015,"Block Group 5, Census Tract 1601.01, Suffolk County, Massachusetts",287,113,287,113,0,12
1500000US250251602001,250251602001,"Block Group 1, Census Tract 1602, Suffolk County, Massachusetts",389,88,369,85,20,31
1500000US250251602002,250251602002,"Block Group 2, Census Tract 1602, Suffolk County, Massachusetts",457,91,436,92,21,34
1500000US250251602003,250251602003,"Block Group 3, Census Tract 1602, Suffolk County, Massachusetts",401,94,286,90,115,68
1500000US250251603001,250251603001,"Block Group 1, Census Tract 1603, Suffolk County, Massachusetts",1127,89,1072,103,55,49
1500000US250251603002,250251603002,"Block Group 2, Census Tract 1603, Suffolk County, Massachusetts",214,73,214,73,0,12
1500000US250251604001,250251604001,"Block Group 1, Census Tract 1604, Suffolk County, Massachusetts",378,95,341,90,37,34
1500000US250251604002,250251604002,"Block Group 2, Census Tract 1604, Suffolk County, Massachusetts",631,93,564,86,67,36
1500000US250251605011,250251605011,"Block Group 1, Census Tract 1605.01, Suffolk County, Massachusetts",593,107,469,116,124,75
1500000US250251605012,250251605012,"Block Group 2, Census Tract 1605.01, Suffolk County, Massachusetts",456,129,376,133,80,69
1500000US250251605013,250251605013,"Block Group 3, Census Tract 1605.01, Suffolk County, Massachusetts",206,90,206,90,0,12
1500000US250251605014,250251605014,"Block Group 4, Census Tract 1605.01, Suffolk County, Massachusetts",344,91,317,92,27,43
1500000US250251605015,250251605015,"Block Group 5, Census Tract 1605.01, Suffolk County, Massachusetts",357,115,333,110,24,38
1500000US250251605021,250251605021,"Block Group 1, Census Tract 1605.02, Suffolk County, Massachusetts",670,128,567,125,103,80
1500000US250251605022,250251605022,"Block Group 2, Census Tract 1605.02, Suffolk County, Massachusetts",483,113,483,113,0,12
1500000US250251605023,250251605023,"Block Group 3, Census Tract 1605.02, Suffolk County, Massachusetts",469,122,449,122,20,33
1500000US250251606011,250251606011,"Block Group 1, Census Tract 1606.01, Suffolk County, Massachusetts",905,137,786,131,119,79
1500000US250251606012,250251606012,"Block Group 2, Census Tract 1606.01, Suffolk County, Massachusetts",577,108,527,97,50,55
1500000US250251606021,250251606021,"Block Group 1, Census Tract 1606.02, Suffolk County, Massachusetts",398,98,367,98,31,49
1500000US250251606022,250251606022,"Block Group 2, Census Tract 1606.02, Suffolk County, Massachusetts",303,100,284,110,19,22
1500000US250251606023,250251606023,"Block Group 3, Census Tract 1606.02, Suffolk County, Massachusetts",298,76,246,74,52,61
1500000US250251606024,250251606024,"Block Group 4, Census Tract 1606.02, Suffolk County, Massachusetts",332,89,332,89,0,12
1500000US250251606025,250251606025,"Block Group 5, Census Tract 1606.02, Suffolk County, Massachusetts",411,108,411,108,0,12
1500000US250251701001,250251701001,"Block Group 1, Census Tract 1701, Suffolk County, Massachusetts",710,144,618,145,92,86
1500000US250251701002,250251701002,"Block Group 2, Census Tract 1701, Suffolk County, Massachusetts",415,145,386,141,29,33
1500000US250251701003,250251701003,"Block Group 3, Census Tract 1701, Suffolk County, Massachusetts",244,82,200,64,44,70
1500000US250251701004,250251701004,"Block Group 4, Census Tract 1701, Suffolk County, Massachusetts",286,102,286,102,0,12
1500000US250251701005,250251701005,"Block Group 5, Census Tract 1701, Suffolk County, Massachusetts",425,99,425,99,0,12
1500000US250251701006,250251701006,"Block Group 6, Census Tract 1701, Suffolk County, Massachusetts",247,61,247,61,0,12
1500000US250251701007,250251701007,"Block Group 7, Census Tract 1701, Suffolk County, Massachusetts",479,159,479,159,0,12
1500000US250251702001,250251702001,"Block Group 1, Census Tract 1702, Suffolk County, Massachusetts",457,90,449,92,8,13
1500000US250251702002,250251702002,"Block Group 2, Census Tract 1702, Suffolk County, Massachusetts",463,93,416,89,47,52
1500000US250251702003,250251702003,"Block Group 3, Census Tract 1702, Suffolk County, Massachusetts",215,51,199,50,16,12
1500000US250251702004,250251702004,"Block Group 4, Census Tract 1702, Suffolk County, Massachusetts",620,99,576,97,44,53
1500000US250251703001,250251703001,"Block Group 1, Census Tract 1703, Suffolk County, Massachusetts",1133,175,1082,179,51,61
1500000US250251703002,250251703002,"Block Group 2, Census Tract 1703, Suffolk County, Massachusetts",352,133,309,130,43,69
1500000US250251703003,250251703003,"Block Group 3, Census Tract 1703, Suffolk County, Massachusetts",279,84,279,84,0,12
1500000US250251703004,250251703004,"Block Group 4, Census Tract 1703, Suffolk County, Massachusetts",465,100,465,100,0,12
1500000US250251703005,250251703005,"Block Group 5, Census Tract 1703, Suffolk County, Massachusetts",593,116,593,116,0,12
1500000US250251703006,250251703006,"Block Group 6, Census Tract 1703, Suffolk County, Massachusetts",626,156,577,159,49,61
1500000US250251703007,250251703007,"Block Group 7, Census Tract 1703, Suffolk County, Massachusetts",178,62,178,62,0,12
1500000US250251704001,250251704001,"Block Group 1, Census Tract 1704, Suffolk County, Massachusetts",561,136,505,142,56,64
1500000US250251704002,250251704002,"Block Group 2, Census Tract 1704, Suffolk County, Massachusetts",402,96,402,96,0,12
1500000US250251704003,250251704003,"Block Group 3, Census Tract 1704, Suffolk County, Massachusetts",290,98,290,98,0,12
1500000US250251704004,250251704004,"Block Group 4, Census Tract 1704, Suffolk County, Massachusetts",1001,147,964,146,37,59
1500000US250251705011,250251705011,"Block Group 1, Census Tract 1705.01, Suffolk County, Massachusetts",1023,127,867,118,156,108
1500000US250251705012,250251705012,"Block Group 2, Census Tract 1705.01, Suffolk County, Massachusetts",807,138,798,139,9,15
1500000US250251705021,250251705021,"Block Group 1, Census Tract 1705.02, Suffolk County, Massachusetts",524,108,454,99,70,77
1500000US250251705022,250251705022,"Block Group 2, Census Tract 1705.02, Suffolk County, Massachusetts",1004,113,951,118,53,62
1500000US250251706011,250251706011,"Block Group 1, Census Tract 1706.01, Suffolk County, Massachusetts",522,100,498,101,24,39
1500000US250251706012,250251706012,"Block Group 2, Census Tract 1706.01, Suffolk County, Massachusetts",700,93,634,113,66,58
1500000US250251706013,250251706013,"Block Group 3, Census Tract 1706.01, Suffolk County, Massachusetts",408,100,360,97,48,61
1500000US250251706014,250251706014,"Block Group 4, Census Tract 1706.01, Suffolk County, Massachusetts",343,72,343,72,0,12
1500000US250251707011,250251707011,"Block Group 1, Census Tract 1707.01, Suffolk County, Massachusetts",332,64,320,65,12,19
1500000US250251707012,250251707012,"Block Group 2, Census Tract 1707.01, Suffolk County, Massachusetts",631,73,609,70,22,27
1500000US250251707021,250251707021,"Block Group 1, Census Tract 1707.02, Suffolk County, Massachusetts",400,135,378,135,22,44
1500000US250251707022,250251707022,"Block Group 2, Census Tract 1707.02, Suffolk County, Massachusetts",612,136,561,157,51,72
1500000US250251707023,250251707023,"Block Group 3, Census Tract 1707.02, Suffolk County, Massachusetts",392,117,344,112,48,59
1500000US250251707024,250251707024,"Block Group 4, Census Tract 1707.02, Suffolk County, Massachusetts",288,111,221,102,67,75
1500000US250251707025,250251707025,"Block Group 5, Census Tract 1707.02, Suffolk County, Massachusetts",537,132,524,133,13,21
1500000US250251708001,250251708001,"Block Group 1, Census Tract 1708, Suffolk County, Massachusetts",753,152,678,147,75,78
1500000US250251708002,250251708002,"Block Group 2, Census Tract 1708, Suffolk County, Massachusetts",576,155,521,139,55,91
1500000US250251708003,250251708003,"Block Group 3, Census Tract 1708, Suffolk County, Massachusetts",298,133,298,133,0,12
1500000US250251708004,250251708004,"Block Group 4, Census Tract 1708, Suffolk County, Massachusetts",526,138,479,137,47,72
1500000US250251801011,250251801011,"Block Group 1, Census Tract 1801.01, Suffolk County, Massachusetts",547,99,504,91,43,68
1500000US250251801012,250251801012,"Block Group 2, Census Tract 1801.01, Suffolk County, Massachusetts",772,138,609,118,163,110
1500000US250251801013,250251801013,"Block Group 3, Census Tract 1801.01, Suffolk County, Massachusetts",1158,135,1051,142,107,96
1500000US250251802001,250251802001,"Block Group 1, Census Tract 1802, Suffolk County, Massachusetts",397,73,379,73,18,20
1500000US250251802002,250251802002,"Block Group 2, Census Tract 1802, Suffolk County, Massachusetts",304,66,280,67,24,35
1500000US250251802003,250251802003,"Block Group 3, Census Tract 1802, Suffolk County, Massachusetts",430,87,430,87,0,12
1500000US250251802004,250251802004,"Block Group 4, Census Tract 1802, Suffolk County, Massachusetts",574,69,526,72,48,59
1500000US250251803011,250251803011,"Block Group 1, Census Tract 1803.01, Suffolk County, Massachusetts",334,70,309,70,25,40
1500000US250251803012,250251803012,"Block Group 2, Census Tract 1803.01, Suffolk County, Massachusetts",380,71,380,71,0,12
1500000US250251803013,250251803013,"Block Group 3, Census Tract 1803.01, Suffolk County, Massachusetts",241,52,224,52,17,27
1500000US250251803014,250251803014,"Block Group 4, Census Tract 1803.01, Suffolk County, Massachusetts",282,56,259,60,23,37
1500000US250251804001,250251804001,"Block Group 1, Census Tract 1804, Suffolk County, Massachusetts",339,61,308,64,31,35
1500000US250251804002,250251804002,"Block Group 2, Census Tract 1804, Suffolk County, Massachusetts",415,76,400,75,15,19
1500000US250251805001,250251805001,"Block Group 1, Census Tract 1805, Suffolk County, Massachusetts",546,121,546,121,0,12
1500000US250251805002,250251805002,"Block Group 2, Census Tract 1805, Suffolk County, Massachusetts",306,93,306,93,0,12
1500000US250251805003,250251805003,"Block Group 3, Census Tract 1805, Suffolk County, Massachusetts",637,150,553,141,84,76
1500000US250251805004,250251805004,"Block Group 4, Census Tract 1805, Suffolk County, Massachusetts",457,74,449,76,8,13
1500000US250259801011,250259801011,"Block Group 1, Census Tract 9801.01, Suffolk County, Massachusetts",0,12,0,12,0,12
1500000US250259803001,250259803001,"Block Group 1, Census Tract 9803, Suffolk County, Massachusetts",0,12,0,12,0,12
1500000US250259807001,250259807001,"Block Group 1, Census Tract 9807, Suffolk County, Massachusetts",4,6,4,6,0,12
1500000US250259810001,250259810001,"Block Group 1, Census Tract 9810, Suffolk County, Massachusetts",0,12,0,12,0,12
1500000US250259811001,250259811001,"Block Group 1, Census Tract 9811, Suffolk County, Massachusetts",0,12,0,12,0,12
1500000US250259811002,250259811002,"Block Group 2, Census Tract 9811, Suffolk County, Massachusetts",0,12,0,12,0,12
1500000US250259811003,250259811003,"Block Group 3, Census Tract 9811, Suffolk County, Massachusetts",4,6,4,6,0,12
1500000US250259811004,250259811004,"Block Group 4, Census Tract 9811, Suffolk County, Massachusetts",73,40,73,40,0,12
1500000US250259812011,250259812011,"Block Group 1, Census Tract 9812.01, Suffolk County, Massachusetts",0,12,0,12,0,12
1500000US250259812021,250259812021,"Block Group 1, Census Tract 9812.02, Suffolk County, Massachusetts",0,12,0,12,0,12
1500000US250259813001,250259813001,"Block Group 1, Census Tract 9813, Suffolk County, Massachusetts",0,12,0,12,0,12
1500000US250259813002,250259813002,"Block Group 2, Census Tract 9813, Suffolk County, Massachusetts",308,84,294,85,14,16
1500000US250259815011,250259815011,"Block Group 1, Census Tract 9815.01, Suffolk County, Massachusetts",0,12,0,12,0,12
1500000US250259815021,250259815021,"Block Group 1, Census Tract 9815.02, Suffolk County, Massachusetts",0,12,0,12,0,12
1500000US250259816001,250259816001,"Block Group 1, Census Tract 9816, Suffolk County, Massachusetts",0,12,0,12,0,12
1500000US250259817001,250259817001,"Block Group 1, Census Tract 9817, Suffolk County, Massachusetts",0,12,0,12,0,12
1500000US250259818001,250259818001,"Block Group 1, Census Tract 9818, Suffolk County, Massachusetts",23,19,13,9,10,17
1500000US250259901010,250259901010,"Block Group 0, Census Tract 9901.01, Suffolk County, Massachusetts",0,12,0,12,0,12
